{
    "data": [
    {
        "mutation": "P61764/L281E",
        "gene": "STXBP1",
        "Homologs": -6.2256,
        "Bpsh": -8.07401,
        "Orthologs": -6.20116,
        "Bpso": -8.05308,
        "exclParalogs": -2.60828,
        "specParalogs": -3.99254,
        "Psi": 95.9,
        "Phi": -91.9
    }
    ]
}